{"1": {"precision": 1.0, "recall": 1.0, "f1-score": 1.0, "support": 2}, "10": {"precision": 1.0, "recall": 0.25, "f1-score": 0.4, "support": 4}, "14": {"precision": 0.0, "recall": 0.0, "f1-score": 0.0, "support": 5}, "22": {"precision": 0.0, "recall": 0.0, "f1-score": 0.0, "support": 1}, "28": {"precision": 0.0, "recall": 0.0, "f1-score": 0.0, "support": 2}, "43": {"precision": 0.8, "recall": 0.6666666666666666, "f1-score": 0.7272727272727272, "support": 6}, "47": {"precision": 0.4444444444444444, "recall": 0.5, "f1-score": 0.47058823529411764, "support": 16}, "50": {"precision": 0.797752808988764, "recall": 0.9466666666666667, "f1-score": 0.8658536585365854, "support": 75}, "60": {"precision": 0.0, "recall": 0.0, "f1-score": 0.0, "support": 1}, "67": {"precision": 0.7777777777777778, "recall": 0.6363636363636364, "f1-score": 0.7000000000000001, "support": 11}, "227": {"precision": 0.6666666666666666, "recall": 1.0, "f1-score": 0.8, "support": 2}, "237": {"precision": 0.6, "recall": 0.42857142857142855, "f1-score": 0.5, "support": 7}, "micro avg": {"precision": 0.7424242424242424, "recall": 0.7424242424242424, "f1-score": 0.7424242424242424, "support": 132}, "macro avg": {"precision": 0.5072201414898044, "recall": 0.4523556998556999, "f1-score": 0.45530955175861915, "support": 132}, "weighted avg": {"precision": 0.6956928838951311, "recall": 0.7424242424242424, "f1-score": 0.7063035796862586, "support": 132}}